-- phpMyAdmin SQL Dump
-- version 5.2.0
-- https://www.phpmyadmin.net/
--
-- Host: 127.0.0.1:3306
-- Generation Time: Aug 29, 2024 at 12:41 AM
-- Server version: 8.0.31
-- PHP Version: 8.0.26

SET SQL_MODE = "NO_AUTO_VALUE_ON_ZERO";
START TRANSACTION;
SET time_zone = "+00:00";


/*!40101 SET @OLD_CHARACTER_SET_CLIENT=@@CHARACTER_SET_CLIENT */;
/*!40101 SET @OLD_CHARACTER_SET_RESULTS=@@CHARACTER_SET_RESULTS */;
/*!40101 SET @OLD_COLLATION_CONNECTION=@@COLLATION_CONNECTION */;
/*!40101 SET NAMES utf8mb4 */;

--
-- Database: `ukk_galerysila1`
--

-- --------------------------------------------------------

--
-- Table structure for table `album`
--

DROP TABLE IF EXISTS `album`;
CREATE TABLE IF NOT EXISTS `album` (
  `albumid` int NOT NULL AUTO_INCREMENT,
  `namaalbum` varchar(255) COLLATE utf8mb4_general_ci NOT NULL,
  `deskripsi` text COLLATE utf8mb4_general_ci NOT NULL,
  `tanggalbuat` date NOT NULL,
  `userid` int NOT NULL,
  PRIMARY KEY (`albumid`),
  KEY `UserID` (`userid`)
) ENGINE=InnoDB AUTO_INCREMENT=38 DEFAULT CHARSET=utf8mb4 COLLATE=utf8mb4_general_ci;

--
-- Dumping data for table `album`
--

INSERT INTO `album` (`albumid`, `namaalbum`, `deskripsi`, `tanggalbuat`, `userid`) VALUES
(29, 'Teknologi', 'Seputar Teknologi', '2024-08-12', 3),
(34, 'mobil', 'mobil', '2024-08-28', 3),
(35, 'mobil5', 'coba', '2024-08-28', 8),
(36, 'laptop', 'laptop canggih\r\n', '2024-08-28', 8),
(37, 'latar belakang1', '                                latar belakang1                     ', '2024-08-29', 8);

-- --------------------------------------------------------

--
-- Table structure for table `foto`
--

DROP TABLE IF EXISTS `foto`;
CREATE TABLE IF NOT EXISTS `foto` (
  `fotoid` int NOT NULL AUTO_INCREMENT,
  `judulfoto` varchar(255) COLLATE utf8mb4_general_ci NOT NULL,
  `deskripsifoto` text COLLATE utf8mb4_general_ci NOT NULL,
  `tanggalunggah` date NOT NULL,
  `lokasifile` varchar(255) COLLATE utf8mb4_general_ci NOT NULL,
  `albumid` int NOT NULL,
  `userid` int NOT NULL,
  PRIMARY KEY (`fotoid`),
  KEY `UserID` (`userid`),
  KEY `AlbumID` (`albumid`)
) ENGINE=InnoDB AUTO_INCREMENT=54 DEFAULT CHARSET=utf8mb4 COLLATE=utf8mb4_general_ci;

--
-- Dumping data for table `foto`
--

INSERT INTO `foto` (`fotoid`, `judulfoto`, `deskripsifoto`, `tanggalunggah`, `lokasifile`, `albumid`, `userid`) VALUES
(49, 'pp', 'uu', '2024-08-28', '1869421094-background kasir.jpg', 29, 3),
(51, 'laptop', 'laptop canggih', '2024-08-28', '1607479929-Laptop.jfif', 36, 8),
(53, 'Mobil 12', 'Mobil 12', '2024-08-29', '1968359161-886284117-mobil.jpg', 35, 8);

-- --------------------------------------------------------

--
-- Table structure for table `komentarfoto`
--

DROP TABLE IF EXISTS `komentarfoto`;
CREATE TABLE IF NOT EXISTS `komentarfoto` (
  `komentarid` int NOT NULL AUTO_INCREMENT,
  `fotoid` int NOT NULL,
  `userid` int NOT NULL,
  `isikomentar` text COLLATE utf8mb4_general_ci NOT NULL,
  `tanggalkomentar` date NOT NULL,
  PRIMARY KEY (`komentarid`),
  KEY `FotoID` (`fotoid`),
  KEY `UserID` (`userid`)
) ENGINE=InnoDB AUTO_INCREMENT=9 DEFAULT CHARSET=utf8mb4 COLLATE=utf8mb4_general_ci;

--
-- Dumping data for table `komentarfoto`
--

INSERT INTO `komentarfoto` (`komentarid`, `fotoid`, `userid`, `isikomentar`, `tanggalkomentar`) VALUES
(6, 49, 8, 'hallo', '2024-08-28'),
(7, 49, 8, 'pa kabar', '2024-08-28'),
(8, 51, 8, 'KEREN BANGET LOHHH', '2024-08-29');

-- --------------------------------------------------------

--
-- Table structure for table `likefoto`
--

DROP TABLE IF EXISTS `likefoto`;
CREATE TABLE IF NOT EXISTS `likefoto` (
  `likeid` int NOT NULL AUTO_INCREMENT,
  `fotoid` int NOT NULL,
  `userid` int NOT NULL,
  `tanggallike` date NOT NULL,
  PRIMARY KEY (`likeid`),
  KEY `FotoID` (`fotoid`),
  KEY `UserID` (`userid`)
) ENGINE=InnoDB AUTO_INCREMENT=105 DEFAULT CHARSET=utf8mb4 COLLATE=utf8mb4_general_ci;

--
-- Dumping data for table `likefoto`
--

INSERT INTO `likefoto` (`likeid`, `fotoid`, `userid`, `tanggallike`) VALUES
(91, 49, 3, '2024-08-28'),
(103, 49, 8, '2024-08-29');

-- --------------------------------------------------------

--
-- Table structure for table `user`
--

DROP TABLE IF EXISTS `user`;
CREATE TABLE IF NOT EXISTS `user` (
  `userid` int NOT NULL AUTO_INCREMENT,
  `username` varchar(255) COLLATE utf8mb4_general_ci NOT NULL,
  `password` varchar(255) COLLATE utf8mb4_general_ci NOT NULL,
  `email` varchar(255) COLLATE utf8mb4_general_ci NOT NULL,
  `namalengkap` varchar(255) COLLATE utf8mb4_general_ci NOT NULL,
  `alamat` text COLLATE utf8mb4_general_ci NOT NULL,
  PRIMARY KEY (`userid`)
) ENGINE=InnoDB AUTO_INCREMENT=9 DEFAULT CHARSET=utf8mb4 COLLATE=utf8mb4_general_ci;

--
-- Dumping data for table `user`
--

INSERT INTO `user` (`userid`, `username`, `password`, `email`, `namalengkap`, `alamat`) VALUES
(3, 'admin', '21232f297a57a5a743894a0e4a801fc3', 'admin@gmail.com', 'Administrasi', 'Indonesia'),
(8, 'sila', '430fec17204b2b496578a80d86b121b2', 'sila@gmail.com', 'sila', 'rosela');

--
-- Constraints for dumped tables
--

--
-- Constraints for table `album`
--
ALTER TABLE `album`
  ADD CONSTRAINT `album_ibfk_1` FOREIGN KEY (`userid`) REFERENCES `user` (`userid`) ON DELETE CASCADE ON UPDATE CASCADE;

--
-- Constraints for table `foto`
--
ALTER TABLE `foto`
  ADD CONSTRAINT `foto_ibfk_1` FOREIGN KEY (`userid`) REFERENCES `user` (`userid`) ON DELETE CASCADE ON UPDATE CASCADE,
  ADD CONSTRAINT `foto_ibfk_2` FOREIGN KEY (`albumid`) REFERENCES `album` (`albumid`) ON DELETE CASCADE ON UPDATE CASCADE;

--
-- Constraints for table `komentarfoto`
--
ALTER TABLE `komentarfoto`
  ADD CONSTRAINT `komentarfoto_ibfk_1` FOREIGN KEY (`userid`) REFERENCES `user` (`userid`) ON DELETE CASCADE ON UPDATE CASCADE,
  ADD CONSTRAINT `komentarfoto_ibfk_2` FOREIGN KEY (`fotoid`) REFERENCES `foto` (`fotoid`) ON DELETE CASCADE ON UPDATE CASCADE;

--
-- Constraints for table `likefoto`
--
ALTER TABLE `likefoto`
  ADD CONSTRAINT `likefoto_ibfk_1` FOREIGN KEY (`userid`) REFERENCES `user` (`userid`) ON DELETE CASCADE ON UPDATE CASCADE,
  ADD CONSTRAINT `likefoto_ibfk_2` FOREIGN KEY (`fotoid`) REFERENCES `foto` (`fotoid`);
COMMIT;

/*!40101 SET CHARACTER_SET_CLIENT=@OLD_CHARACTER_SET_CLIENT */;
/*!40101 SET CHARACTER_SET_RESULTS=@OLD_CHARACTER_SET_RESULTS */;
/*!40101 SET COLLATION_CONNECTION=@OLD_COLLATION_CONNECTION */;
